gbifid	datasetkey	occurrenceid	kingdom	phylum	class	order	family	genus	species	infraspecificepithet	taxonrank	scientificname	countrycode	locality	publishingorgkey	decimallatitude	decimallongitude	coordinateuncertaintyinmeters	coordinateprecision	elevation	elevationaccuracy	depth	depthaccuracy	eventdate	day	month	year	taxonkey	specieskey	basisofrecord	institutioncode	collectioncode	catalognumber	recordnumber	identifiedby	license	rightsholder	recordedby	typestatus	establishmentmeans	lastinterpreted	mediatype	issue
1846920154	cca13f2c-0d2c-4c2f-93b9-4446c0cc1629	61442412	Animalia	Arthropoda	Insecta	Coleoptera	Nitidulidae	Aethina	Aethina tumida		SPECIES	Aethina tumida Murray, 1867	US		c3ad790a-d426-4ac1-8e32-da61f81f0117	35.97121	-94.218414											8254044	8254044	HUMAN_OBSERVATION	BISON	BugGuide	1157995			CC0_1_0		Natasha Wright			2018-07-06T21:21:41.013Z		GEODETIC_DATUM_ASSUMED_WGS84
1846920153	cca13f2c-0d2c-4c2f-93b9-4446c0cc1629	61442415	Animalia	Arthropoda	Insecta	Coleoptera	Nitidulidae	Aethina	Aethina tumida		SPECIES	Aethina tumida Murray, 1867	US		c3ad790a-d426-4ac1-8e32-da61f81f0117	35.97121	-94.218414							2011-05-19T00:00:00Z	19	5	2011	8254044	8254044	HUMAN_OBSERVATION	BISON	BugGuide	1157998			CC0_1_0		Natasha Wright			2018-07-06T21:21:41.146Z		RECORDED_DATE_MISMATCH;GEODETIC_DATUM_ASSUMED_WGS84
1846920151	cca13f2c-0d2c-4c2f-93b9-4446c0cc1629	61442416	Animalia	Arthropoda	Insecta	Coleoptera	Nitidulidae	Aethina	Aethina tumida		SPECIES	Aethina tumida Murray, 1867	US		c3ad790a-d426-4ac1-8e32-da61f81f0117	35.97121	-94.218414											8254044	8254044	HUMAN_OBSERVATION	BISON	BugGuide	1158000			CC0_1_0		Natasha Wright			2018-07-06T21:21:40.799Z		GEODETIC_DATUM_ASSUMED_WGS84
1846920147	cca13f2c-0d2c-4c2f-93b9-4446c0cc1629	61442407	Animalia	Arthropoda	Insecta	Coleoptera	Nitidulidae	Aethina	Aethina tumida		SPECIES	Aethina tumida Murray, 1867	US		c3ad790a-d426-4ac1-8e32-da61f81f0117	30.684572	-88.19657							2014-08-07T00:00:00Z	7	8	2014	8254044	8254044	HUMAN_OBSERVATION	BISON	BugGuide	974164			CC0_1_0		Robert Lord Zimlich			2018-07-06T21:21:41.171Z		RECORDED_DATE_MISMATCH;GEODETIC_DATUM_ASSUMED_WGS84
1846920144	cca13f2c-0d2c-4c2f-93b9-4446c0cc1629	61442420	Animalia	Arthropoda	Insecta	Coleoptera	Nitidulidae	Aethina	Aethina tumida		SPECIES	Aethina tumida Murray, 1867	US		c3ad790a-d426-4ac1-8e32-da61f81f0117	30.684572	-88.19657							2016-05-12T00:00:00Z	12	5	2016	8254044	8254044	HUMAN_OBSERVATION	BISON	BugGuide	1222817			CC0_1_0		Robert Lord Zimlich			2018-07-06T21:21:40.625Z		RECORDED_DATE_MISMATCH;GEODETIC_DATUM_ASSUMED_WGS84
1846920143	cca13f2c-0d2c-4c2f-93b9-4446c0cc1629	61442419	Animalia	Arthropoda	Insecta	Coleoptera	Nitidulidae	Aethina	Aethina tumida		SPECIES	Aethina tumida Murray, 1867	US		c3ad790a-d426-4ac1-8e32-da61f81f0117	30.239513	-97.69127							2016-04-27T00:00:00Z	27	4	2016	8254044	8254044	HUMAN_OBSERVATION	BISON	BugGuide	1221759			CC0_1_0		Mike Quinn			2018-07-06T21:21:40.767Z		RECORDED_DATE_MISMATCH;GEODETIC_DATUM_ASSUMED_WGS84
1846920140	cca13f2c-0d2c-4c2f-93b9-4446c0cc1629	61442410	Animalia	Arthropoda	Insecta	Coleoptera	Nitidulidae	Aethina	Aethina tumida		SPECIES	Aethina tumida Murray, 1867	US		c3ad790a-d426-4ac1-8e32-da61f81f0117	30.684572	-88.19657							2015-05-21T00:00:00Z	21	5	2015	8254044	8254044	HUMAN_OBSERVATION	BISON	BugGuide	1077684			CC0_1_0		Robert Lord Zimlich			2018-07-06T21:21:41.771Z		RECORDED_DATE_MISMATCH;GEODETIC_DATUM_ASSUMED_WGS84
1846920139	cca13f2c-0d2c-4c2f-93b9-4446c0cc1629	61442413	Animalia	Arthropoda	Insecta	Coleoptera	Nitidulidae	Aethina	Aethina tumida		SPECIES	Aethina tumida Murray, 1867	US		c3ad790a-d426-4ac1-8e32-da61f81f0117	35.97121	-94.218414											8254044	8254044	HUMAN_OBSERVATION	BISON	BugGuide	1157996			CC0_1_0		Natasha Wright			2018-07-06T21:21:41.237Z		GEODETIC_DATUM_ASSUMED_WGS84
1846920138	cca13f2c-0d2c-4c2f-93b9-4446c0cc1629	61442406	Animalia	Arthropoda	Insecta	Coleoptera	Nitidulidae	Aethina	Aethina tumida		SPECIES	Aethina tumida Murray, 1867	US		c3ad790a-d426-4ac1-8e32-da61f81f0117	40.041992	-76.2502							2014-07-22T00:00:00Z	22	7	2014	8254044	8254044	HUMAN_OBSERVATION	BISON	BugGuide	963951			CC0_1_0		roar			2018-07-06T21:21:40.807Z		RECORDED_DATE_MISMATCH;GEODETIC_DATUM_ASSUMED_WGS84
1846920136	cca13f2c-0d2c-4c2f-93b9-4446c0cc1629	61442417	Animalia	Arthropoda	Insecta	Coleoptera	Nitidulidae	Aethina	Aethina tumida		SPECIES	Aethina tumida Murray, 1867	US		c3ad790a-d426-4ac1-8e32-da61f81f0117	35.97121	-94.218414											8254044	8254044	HUMAN_OBSERVATION	BISON	BugGuide	1158005			CC0_1_0		Natasha Wright			2018-07-06T21:21:41.286Z		GEODETIC_DATUM_ASSUMED_WGS84
1846920135	cca13f2c-0d2c-4c2f-93b9-4446c0cc1629	61442404	Animalia	Arthropoda	Insecta	Coleoptera	Nitidulidae	Aethina	Aethina tumida		SPECIES	Aethina tumida Murray, 1867	US		c3ad790a-d426-4ac1-8e32-da61f81f0117	30.684572	-88.19657							2014-07-14T00:00:00Z	14	7	2014	8254044	8254044	HUMAN_OBSERVATION	BISON	BugGuide	957921			CC0_1_0		Robert Lord Zimlich			2018-07-06T21:21:40.958Z		RECORDED_DATE_MISMATCH;GEODETIC_DATUM_ASSUMED_WGS84
1846920131	cca13f2c-0d2c-4c2f-93b9-4446c0cc1629	61442408	Animalia	Arthropoda	Insecta	Coleoptera	Nitidulidae	Aethina	Aethina tumida		SPECIES	Aethina tumida Murray, 1867	US		c3ad790a-d426-4ac1-8e32-da61f81f0117	30.684572	-88.19657							2015-03-31T00:00:00Z	31	3	2015	8254044	8254044	HUMAN_OBSERVATION	BISON	BugGuide	1051535			CC0_1_0		Robert Lord Zimlich			2018-07-06T21:21:40.801Z		RECORDED_DATE_MISMATCH;GEODETIC_DATUM_ASSUMED_WGS84
1846920130	cca13f2c-0d2c-4c2f-93b9-4446c0cc1629	61442398	Animalia	Arthropoda	Insecta	Coleoptera	Nitidulidae	Aethina	Aethina tumida		SPECIES	Aethina tumida Murray, 1867	US		c3ad790a-d426-4ac1-8e32-da61f81f0117	29.857273	-95.393036							2012-07-13T00:00:00Z	13	7	2012	8254044	8254044	HUMAN_OBSERVATION	BISON	BugGuide	674239			CC0_1_0		John Schneider			2018-07-06T21:21:41.146Z		RECORDED_DATE_MISMATCH;GEODETIC_DATUM_ASSUMED_WGS84
1846920127	cca13f2c-0d2c-4c2f-93b9-4446c0cc1629	61442409	Animalia	Arthropoda	Insecta	Coleoptera	Nitidulidae	Aethina	Aethina tumida		SPECIES	Aethina tumida Murray, 1867	US		c3ad790a-d426-4ac1-8e32-da61f81f0117	32.766987	-96.77843							2015-05-29T00:00:00Z	29	5	2015	8254044	8254044	HUMAN_OBSERVATION	BISON	BugGuide	1076165			CC0_1_0		Gacko			2018-07-06T21:21:41.631Z		RECORDED_DATE_MISMATCH;GEODETIC_DATUM_ASSUMED_WGS84
1846920126	cca13f2c-0d2c-4c2f-93b9-4446c0cc1629	61442411	Animalia	Arthropoda	Insecta	Coleoptera	Nitidulidae	Aethina	Aethina tumida		SPECIES	Aethina tumida Murray, 1867	US		c3ad790a-d426-4ac1-8e32-da61f81f0117	42.65558	-90.130295							2015-08-30T00:00:00Z	30	8	2015	8254044	8254044	HUMAN_OBSERVATION	BISON	BugGuide	1137322			CC0_1_0		Marci Hess			2018-07-06T21:21:41.557Z		RECORDED_DATE_MISMATCH;GEODETIC_DATUM_ASSUMED_WGS84
1846920123	cca13f2c-0d2c-4c2f-93b9-4446c0cc1629	61442394	Animalia	Arthropoda	Insecta	Coleoptera	Nitidulidae	Aethina	Aethina tumida		SPECIES	Aethina tumida Murray, 1867	US		c3ad790a-d426-4ac1-8e32-da61f81f0117	29.857273	-95.393036							2011-07-02T00:00:00Z	2	7	2011	8254044	8254044	HUMAN_OBSERVATION	BISON	BugGuide	538778			CC0_1_0		Graham Montgomery			2018-07-06T21:21:41.894Z		RECORDED_DATE_MISMATCH;GEODETIC_DATUM_ASSUMED_WGS84
1846920122	cca13f2c-0d2c-4c2f-93b9-4446c0cc1629	61442393	Animalia	Arthropoda	Insecta	Coleoptera	Nitidulidae	Aethina	Aethina tumida		SPECIES	Aethina tumida Murray, 1867	US		c3ad790a-d426-4ac1-8e32-da61f81f0117	30.544003	-91.09318							2008-09-30T00:00:00Z	30	9	2008	8254044	8254044	HUMAN_OBSERVATION	BISON	BugGuide	353431			CC0_1_0		Gayle and Jeanell Strickland			2018-07-06T21:21:41.281Z		RECORDED_DATE_MISMATCH;GEODETIC_DATUM_ASSUMED_WGS84
1846920118	cca13f2c-0d2c-4c2f-93b9-4446c0cc1629	61442403	Animalia	Arthropoda	Insecta	Coleoptera	Nitidulidae	Aethina	Aethina tumida		SPECIES	Aethina tumida Murray, 1867	US		c3ad790a-d426-4ac1-8e32-da61f81f0117	29.857273	-95.393036							2013-04-17T00:00:00Z	17	4	2013	8254044	8254044	HUMAN_OBSERVATION	BISON	BugGuide	868251			CC0_1_0		A. Hendrickson			2018-07-06T21:21:40.953Z		RECORDED_DATE_MISMATCH;GEODETIC_DATUM_ASSUMED_WGS84
1846920115	cca13f2c-0d2c-4c2f-93b9-4446c0cc1629	61442395	Animalia	Arthropoda	Insecta	Coleoptera	Nitidulidae	Aethina	Aethina tumida		SPECIES	Aethina tumida Murray, 1867	US		c3ad790a-d426-4ac1-8e32-da61f81f0117	30.684572	-88.19657							2011-07-15T00:00:00Z	15	7	2011	8254044	8254044	HUMAN_OBSERVATION	BISON	BugGuide	546568			CC0_1_0		Robert Lord Zimlich			2018-07-06T21:21:41.403Z		RECORDED_DATE_MISMATCH;GEODETIC_DATUM_ASSUMED_WGS84
1846920109	cca13f2c-0d2c-4c2f-93b9-4446c0cc1629	61442402	Animalia	Arthropoda	Insecta	Coleoptera	Nitidulidae	Aethina	Aethina tumida		SPECIES	Aethina tumida Murray, 1867	US		c3ad790a-d426-4ac1-8e32-da61f81f0117	30.684572	-88.19657							2013-06-06T00:00:00Z	6	6	2013	8254044	8254044	HUMAN_OBSERVATION	BISON	BugGuide	781708			CC0_1_0		Robert Lord Zimlich			2018-07-06T21:21:41.146Z		RECORDED_DATE_MISMATCH;GEODETIC_DATUM_ASSUMED_WGS84
1846920107	cca13f2c-0d2c-4c2f-93b9-4446c0cc1629	61442400	Animalia	Arthropoda	Insecta	Coleoptera	Nitidulidae	Aethina	Aethina tumida		SPECIES	Aethina tumida Murray, 1867	US		c3ad790a-d426-4ac1-8e32-da61f81f0117	27.184385	-82.36584							2013-03-04T00:00:00Z	4	3	2013	8254044	8254044	HUMAN_OBSERVATION	BISON	BugGuide	748567			CC0_1_0		Gary R. McClellan			2018-07-06T21:21:41.171Z		RECORDED_DATE_MISMATCH;GEODETIC_DATUM_ASSUMED_WGS84
1846920105	cca13f2c-0d2c-4c2f-93b9-4446c0cc1629	61442401	Animalia	Arthropoda	Insecta	Coleoptera	Nitidulidae	Aethina	Aethina tumida		SPECIES	Aethina tumida Murray, 1867	US		c3ad790a-d426-4ac1-8e32-da61f81f0117	29.5033	-90.03623							2013-05-17T00:00:00Z	17	5	2013	8254044	8254044	HUMAN_OBSERVATION	BISON	BugGuide	771878			CC0_1_0		Louisiana State Arthropod Museum			2018-07-06T21:21:42.366Z		RECORDED_DATE_MISMATCH;GEODETIC_DATUM_ASSUMED_WGS84
1846920104	cca13f2c-0d2c-4c2f-93b9-4446c0cc1629	61442405	Animalia	Arthropoda	Insecta	Coleoptera	Nitidulidae	Aethina	Aethina tumida		SPECIES	Aethina tumida Murray, 1867	US		c3ad790a-d426-4ac1-8e32-da61f81f0117	33.550014	-81.63298							2014-07-17T00:00:00Z	17	7	2014	8254044	8254044	HUMAN_OBSERVATION	BISON	BugGuide	959682			CC0_1_0		JC Jones			2018-07-06T21:21:41.345Z		RECORDED_DATE_MISMATCH;GEODETIC_DATUM_ASSUMED_WGS84
1846920102	cca13f2c-0d2c-4c2f-93b9-4446c0cc1629	61442421	Animalia	Arthropoda	Insecta	Coleoptera	Nitidulidae	Aethina	Aethina tumida		SPECIES	Aethina tumida Murray, 1867	US		c3ad790a-d426-4ac1-8e32-da61f81f0117	42.65558	-90.130295							2015-07-23T00:00:00Z	23	7	2015	8254044	8254044	HUMAN_OBSERVATION	BISON	BugGuide	1317889			CC0_1_0		Marci Hess			2018-07-06T21:21:41.436Z		RECORDED_DATE_MISMATCH;GEODETIC_DATUM_ASSUMED_WGS84
1846920096	cca13f2c-0d2c-4c2f-93b9-4446c0cc1629	61442414	Animalia	Arthropoda	Insecta	Coleoptera	Nitidulidae	Aethina	Aethina tumida		SPECIES	Aethina tumida Murray, 1867	US		c3ad790a-d426-4ac1-8e32-da61f81f0117	35.97121	-94.218414											8254044	8254044	HUMAN_OBSERVATION	BISON	BugGuide	1157997			CC0_1_0		Natasha Wright			2018-07-06T21:21:40.765Z		GEODETIC_DATUM_ASSUMED_WGS84
1846920094	cca13f2c-0d2c-4c2f-93b9-4446c0cc1629	61442422	Animalia	Arthropoda	Insecta	Coleoptera	Nitidulidae	Aethina	Aethina tumida		SPECIES	Aethina tumida Murray, 1867	US		c3ad790a-d426-4ac1-8e32-da61f81f0117	42.65558	-90.130295							2015-07-23T00:00:00Z	23	7	2015	8254044	8254044	HUMAN_OBSERVATION	BISON	BugGuide	1327119			CC0_1_0		Marci Hess			2018-07-06T21:21:41.170Z		RECORDED_DATE_MISMATCH;GEODETIC_DATUM_ASSUMED_WGS84
1846920091	cca13f2c-0d2c-4c2f-93b9-4446c0cc1629	61442418	Animalia	Arthropoda	Insecta	Coleoptera	Nitidulidae	Aethina	Aethina tumida		SPECIES	Aethina tumida Murray, 1867	US		c3ad790a-d426-4ac1-8e32-da61f81f0117	35.97121	-94.218414											8254044	8254044	HUMAN_OBSERVATION	BISON	BugGuide	1158007			CC0_1_0		Natasha Wright			2018-07-06T21:21:40.870Z		GEODETIC_DATUM_ASSUMED_WGS84
1846920089	cca13f2c-0d2c-4c2f-93b9-4446c0cc1629	61442397	Animalia	Arthropoda	Insecta	Coleoptera	Nitidulidae	Aethina	Aethina tumida		SPECIES	Aethina tumida Murray, 1867	US		c3ad790a-d426-4ac1-8e32-da61f81f0117	27.90659	-82.34957							2012-06-03T00:00:00Z	3	6	2012	8254044	8254044	HUMAN_OBSERVATION	BISON	BugGuide	651697			CC0_1_0		Ken Allen			2018-07-06T21:21:41.216Z		RECORDED_DATE_MISMATCH;GEODETIC_DATUM_ASSUMED_WGS84
1846920076	cca13f2c-0d2c-4c2f-93b9-4446c0cc1629	61442396	Animalia	Arthropoda	Insecta	Coleoptera	Nitidulidae	Aethina	Aethina tumida		SPECIES	Aethina tumida Murray, 1867	US		c3ad790a-d426-4ac1-8e32-da61f81f0117	27.184385	-82.36584							2011-12-04T00:00:00Z	4	12	2011	8254044	8254044	HUMAN_OBSERVATION	BISON	BugGuide	599362			CC0_1_0		Gary R. McClellan			2018-07-06T21:21:41.461Z		RECORDED_DATE_MISMATCH;GEODETIC_DATUM_ASSUMED_WGS84
1846920066	cca13f2c-0d2c-4c2f-93b9-4446c0cc1629	61442399	Animalia	Arthropoda	Insecta	Coleoptera	Nitidulidae	Aethina	Aethina tumida		SPECIES	Aethina tumida Murray, 1867	US		c3ad790a-d426-4ac1-8e32-da61f81f0117	30.206507	-92.06417							2012-11-24T00:00:00Z	24	11	2012	8254044	8254044	HUMAN_OBSERVATION	BISON	BugGuide	725762			CC0_1_0		bdedo			2018-07-06T21:21:41.398Z		RECORDED_DATE_MISMATCH;GEODETIC_DATUM_ASSUMED_WGS84
1846920063	cca13f2c-0d2c-4c2f-93b9-4446c0cc1629	61442392	Animalia	Arthropoda	Insecta	Coleoptera	Nitidulidae	Aethina	Aethina tumida		SPECIES	Aethina tumida Murray, 1867	US		c3ad790a-d426-4ac1-8e32-da61f81f0117	29.448671	-98.52015							2009-05-12T00:00:00Z	12	5	2009	8254044	8254044	HUMAN_OBSERVATION	BISON	BugGuide	275029			CC0_1_0		Gerald (Jerry) R. Donehew			2018-07-06T21:21:41.692Z		RECORDED_DATE_MISMATCH;GEODETIC_DATUM_ASSUMED_WGS84
1846920002	cca13f2c-0d2c-4c2f-93b9-4446c0cc1629	61442306	Animalia	Arthropoda	Insecta	Coleoptera	Nitidulidae	Aethina	Aethina tumida		SPECIES	Aethina tumida Murray, 1867	US		c3ad790a-d426-4ac1-8e32-da61f81f0117	25.610495	-80.49905											8254044	8254044	HUMAN_OBSERVATION	BISON	BugGuide	250110			CC0_1_0		Michael C. Thomas			2018-07-06T21:21:41.781Z		GEODETIC_DATUM_ASSUMED_WGS84
1800713940	262f8270-f9c2-4bc6-a562-8ed71c0790e6	urn:lsid:biosci.ohio-state.edu:osuc_occurrences:UCFC__0__186__330	Animalia	Arthropoda	Insecta	Coleoptera	Nitidulidae	Aethina	Aethina tumida		SPECIES	Aethina tumida Murray, 1867	US	Gainesville, Alachua County, FL	5ffa575c-fcd4-4583-9611-545f67b04316	29.6516	-82.3248							2004-08-15T00:00:00Z	15	8	2004	8254044	8254044	PRESERVED_SPECIMEN	University of Central Florida Collection of Arthopods (UCFC)	Arthropods	UCFC 0 186 330			CC_BY_4_0		Skelley, P. E. (Paul E.)			2018-07-07T13:06:42.068Z		GEODETIC_DATUM_ASSUMED_WGS84;IDENTIFIED_DATE_UNLIKELY
1632961428	84a649ce-ff81-420d-9c41-aa1de59e3766	1c82e2c6-3467-4657-b6ff-2146434ff860	Animalia	Arthropoda	Insecta	Coleoptera	Nitidulidae	Aethina	Aethina tumida		SPECIES	Aethina tumida Murray, 1867	AU	23 Babers Rd, Cooranbong NSW 2265, Australia	adc174cd-c752-4eee-9630-7c1209eb1c4a	-33.083056	151.445761	50.0						2016-07-22T00:00:00Z	22	7	2016	8254044	8254044	HUMAN_OBSERVATION				https://biocollect.ala.org.au/sightings/bioActivity/index/04639d45-2f5a-4ffd-bdab-7e428bdb89ad		CC_BY_4_0		Terence Annable			2018-07-07T09:14:57.810Z		COUNTRY_DERIVED_FROM_COORDINATES;COORDINATE_ROUNDED
1562935889	50c9509d-22c7-4a22-a47d-8c48425ef4a7	https://www.inaturalist.org/observations/6209843	Animalia	Arthropoda	Insecta	Coleoptera	Nitidulidae	Aethina	Aethina tumida		SPECIES	Aethina tumida Murray, 1867	US		28eb1a3f-1c15-4a95-931a-4af90ecb574d	30.159709	-97.845974	2.0						2017-05-12T21:33:00Z	12	5	2017	8254044	8254044	HUMAN_OBSERVATION	iNaturalist	Observations	6209843			CC_BY_NC_4_0	Curtis Eckerman	Curtis Eckerman			2018-07-07T15:43:50.833Z	STILLIMAGE	GEODETIC_DATUM_ASSUMED_WGS84;COORDINATE_ROUNDED
1562922089	50c9509d-22c7-4a22-a47d-8c48425ef4a7	https://www.inaturalist.org/observations/6167976	Animalia	Arthropoda	Insecta	Coleoptera	Nitidulidae	Aethina	Aethina tumida		SPECIES	Aethina tumida Murray, 1867	US		28eb1a3f-1c15-4a95-931a-4af90ecb574d	33.334841	-87.793647							2017-04-30T19:12:06Z	30	4	2017	8254044	8254044	HUMAN_OBSERVATION	iNaturalist	Observations	6167976			CC_BY_NC_4_0	John Abbott	John Abbott			2018-07-07T15:43:50.733Z		GEODETIC_DATUM_ASSUMED_WGS84
1457641587	50c9509d-22c7-4a22-a47d-8c48425ef4a7	https://www.inaturalist.org/observations/5676157	Animalia	Arthropoda	Insecta	Coleoptera	Nitidulidae	Aethina	Aethina tumida		SPECIES	Aethina tumida Murray, 1867	US		28eb1a3f-1c15-4a95-931a-4af90ecb574d	30.159722	-97.845833							2017-04-12T20:56:00Z	12	4	2017	8254044	8254044	HUMAN_OBSERVATION	iNaturalist	Observations	5676157			CC_BY_NC_4_0	Curtis Eckerman	Curtis Eckerman			2018-07-07T11:02:34.643Z	STILLIMAGE	GEODETIC_DATUM_ASSUMED_WGS84;COORDINATE_ROUNDED
1323009467	50c9509d-22c7-4a22-a47d-8c48425ef4a7	http://www.inaturalist.org/observations/4203307	Animalia	Arthropoda	Insecta	Coleoptera	Nitidulidae	Aethina	Aethina tumida		SPECIES	Aethina tumida Murray, 1867	US		28eb1a3f-1c15-4a95-931a-4af90ecb574d	41.016177	-81.940269	30.0						2016-09-25T14:36:22Z	25	9	2016	8254044	8254044	HUMAN_OBSERVATION	iNaturalist	Observations	4203307			CC_BY_NC_4_0	Bill stitt	Bill stitt			2018-07-06T22:17:13.820Z	STILLIMAGE	GEODETIC_DATUM_ASSUMED_WGS84;COORDINATE_ROUNDED
1316139896	7b468209-8d5c-477b-b118-cdf04dde9912	SAMC:Ent:SAM-COL-A039749	Animalia	Arthropoda	Insecta	Coleoptera	Nitidulidae	Aethina	Aethina tumida		SPECIES	Aethina tumida Murray, 1867	ZA	Karkloof, Natal	c5f7ef70-e233-11d9-a4d6-b8a03c50a862	-29.333333	30.25		0.125					1946-05-01T00:00:00Z	1	5	1946	8254044	8254044	PRESERVED_SPECIMEN	SAM	Entomology	SAM-COL-A039749			CC_BY_4_0		Symons			2018-07-07T16:08:55.410Z		GEODETIC_DATUM_ASSUMED_WGS84;COORDINATE_ROUNDED
1100269629	dce8feb0-6c89-11de-8225-b8a03c50a862	154aeac8-8a02-4464-a3b1-03cef615fa4a	Animalia	Arthropoda	Insecta	Coleoptera	Nitidulidae	Aethina	Aethina tumida		SPECIES	Aethina tumida Murray, 1867	AU		770c30d2-c2a8-4bb2-8056-6167297cddae	-33.93735	150.97403							2011-02-16T00:00:00Z	16	2	2011	8254044	8254044	PRESERVED_SPECIMEN	AM	Entomology	K.288410		Reid, Dr. Chris - Australian Museum - Entomology	CC_BY_4_0		Swift, Sherye			2018-09-18T18:55:13.987Z		
1092779093	aae308f4-9f9c-4cdd-b4ef-c026f48be551	35a6914d-d27c-471c-8248-28472a9c04f4	Animalia	Arthropoda	Insecta	Coleoptera	Nitidulidae	Aethina	Aethina tumida		SPECIES	Aethina tumida Murray, 1867	US	Lebo	b554c320-0560-11d8-b851-b8a03c50a862									2010-09-02T00:00:00Z	2	9	2010	8254044	8254044	PRESERVED_SPECIMEN	KU	SEMC	1411048		MacRae, Ted	CC_BY_4_0		Sanders, Tom			2018-07-07T08:33:00.771Z		IDENTIFIED_DATE_UNLIKELY
1092779074	aae308f4-9f9c-4cdd-b4ef-c026f48be551	3b0946e6-52fd-4460-8852-6969d595c5ff	Animalia	Arthropoda	Insecta	Coleoptera	Nitidulidae	Aethina	Aethina tumida		SPECIES	Aethina tumida Murray, 1867	US	Lebo	b554c320-0560-11d8-b851-b8a03c50a862									2010-09-02T00:00:00Z	2	9	2010	8254044	8254044	PRESERVED_SPECIMEN	KU	SEMC	1411047		MacRae, Ted	CC_BY_4_0		Sanders, Tom			2018-07-07T08:33:00.842Z		IDENTIFIED_DATE_UNLIKELY
440941811	2356f899-6244-4bbb-aa33-50e29132e86a	MZLU:ENT:167747	Animalia	Arthropoda	Insecta	Coleoptera	Nitidulidae	Aethina	Aethina tumida		SPECIES	Aethina tumida Murray, 1867	TZ	Contact the museum for more info	ee6a779a-dce6-4f16-ae3d-84f495def86e													8254044	8254044	PRESERVED_SPECIMEN	MZLU	Entomology	167747			CC_BY_NC_4_0					2018-07-07T12:09:24.810Z		
440941810	2356f899-6244-4bbb-aa33-50e29132e86a	MZLU:ENT:167746	Animalia	Arthropoda	Insecta	Coleoptera	Nitidulidae	Aethina	Aethina tumida		SPECIES	Aethina tumida Murray, 1867	ZA	Contact the museum for more info	ee6a779a-dce6-4f16-ae3d-84f495def86e													8254044	8254044	PRESERVED_SPECIMEN	MZLU	Entomology	167746			CC_BY_NC_4_0					2018-07-07T12:09:24.953Z		
363145534	96193ea2-f762-11e1-a439-00145eb45e9a		Animalia	Arthropoda	Insecta	Coleoptera	Nitidulidae	Aethina	Aethina tumida		SPECIES	Aethina tumida Murray, 1867	US	LRGVNWR McManus unit	352bdfe0-c57b-11dd-a8eb-b8a03c50a862	26.05	-98.0											8254044	8254044	PRESERVED_SPECIMEN	TAMU	ENTO	X0840774			CC_BY_4_0		Jonathan E. King; Edward G. Riley			2018-07-07T00:50:40.347Z		RECORDED_DATE_INVALID;GEODETIC_DATUM_ASSUMED_WGS84;COORDINATE_PRECISION_INVALID
363145240	96193ea2-f762-11e1-a439-00145eb45e9a		Animalia	Arthropoda	Insecta	Coleoptera	Nitidulidae	Aethina	Aethina tumida		SPECIES	Aethina tumida Murray, 1867	US	Santa Ana NWR (site 5), Jaguarundi Trail at Rio Grande	352bdfe0-c57b-11dd-a8eb-b8a03c50a862	26.05	-98.1											8254044	8254044	PRESERVED_SPECIMEN	TAMU	ENTO	X0815768			CC_BY_4_0		Edward G. Riley			2018-07-07T00:50:40.770Z		RECORDED_DATE_INVALID;GEODETIC_DATUM_ASSUMED_WGS84;COORDINATE_PRECISION_INVALID
245480233	96193ea2-f762-11e1-a439-00145eb45e9a		Animalia	Arthropoda	Insecta	Coleoptera	Nitidulidae	Aethina	Aethina tumida		SPECIES	Aethina tumida Murray, 1867	US	Santa Ana NWR (site 3), Wildlife Drive	352bdfe0-c57b-11dd-a8eb-b8a03c50a862	26.07	-98.1											8254044	8254044	PRESERVED_SPECIMEN	TAMU	ENTO	X0583996			CC_BY_4_0		Edward G. Riley			2018-07-07T09:05:25.208Z		RECORDED_DATE_INVALID;GEODETIC_DATUM_ASSUMED_WGS84;COORDINATE_PRECISION_INVALID
245403650	96193ea2-f762-11e1-a439-00145eb45e9a		Animalia	Arthropoda	Insecta	Coleoptera	Nitidulidae	Aethina	Aethina tumida		SPECIES	Aethina tumida Murray, 1867	US	LRGVNWR McManus unit	352bdfe0-c57b-11dd-a8eb-b8a03c50a862	26.05	-98.0											8254044	8254044	PRESERVED_SPECIMEN	TAMU	ENTO	X0836166			CC_BY_4_0		Jonathan E. King; Edward G. Riley			2018-07-07T09:05:25.151Z		RECORDED_DATE_INVALID;GEODETIC_DATUM_ASSUMED_WGS84;COORDINATE_PRECISION_INVALID
245403649	96193ea2-f762-11e1-a439-00145eb45e9a		Animalia	Arthropoda	Insecta	Coleoptera	Nitidulidae	Aethina	Aethina tumida		SPECIES	Aethina tumida Murray, 1867	US	Laguna Atascosa NWR (site 1)	352bdfe0-c57b-11dd-a8eb-b8a03c50a862	26.22	-97.3											8254044	8254044	PRESERVED_SPECIMEN	TAMU	ENTO	X0835278			CC_BY_4_0		Jonathan E. King; Edward G. Riley			2018-07-07T09:05:25.125Z		RECORDED_DATE_INVALID;GEODETIC_DATUM_ASSUMED_WGS84;COORDINATE_PRECISION_INVALID
245403647	96193ea2-f762-11e1-a439-00145eb45e9a		Animalia	Arthropoda	Insecta	Coleoptera	Nitidulidae	Aethina	Aethina tumida		SPECIES	Aethina tumida Murray, 1867	US	Laguna Atascosa NWR (site 1)	352bdfe0-c57b-11dd-a8eb-b8a03c50a862	26.22	-97.3											8254044	8254044	PRESERVED_SPECIMEN	TAMU	ENTO	X0835100			CC_BY_4_0		Jonathan E. King; Edward G. Riley			2018-07-07T09:05:25.131Z		RECORDED_DATE_INVALID;GEODETIC_DATUM_ASSUMED_WGS84;COORDINATE_PRECISION_INVALID
245403641	96193ea2-f762-11e1-a439-00145eb45e9a		Animalia	Arthropoda	Insecta	Coleoptera	Nitidulidae	Aethina	Aethina tumida		SPECIES	Aethina tumida Murray, 1867	US	Laguna Atascosa NWR (site 1)	352bdfe0-c57b-11dd-a8eb-b8a03c50a862	26.22	-97.3											8254044	8254044	PRESERVED_SPECIMEN	TAMU	ENTO	X0832281			CC_BY_4_0		Jonathan E. King; Edward G. Riley			2018-07-07T09:05:25.091Z		RECORDED_DATE_INVALID;GEODETIC_DATUM_ASSUMED_WGS84;COORDINATE_PRECISION_INVALID
245403640	96193ea2-f762-11e1-a439-00145eb45e9a		Animalia	Arthropoda	Insecta	Coleoptera	Nitidulidae	Aethina	Aethina tumida		SPECIES	Aethina tumida Murray, 1867	US	Laguna Atascosa NWR (site 1)	352bdfe0-c57b-11dd-a8eb-b8a03c50a862	26.22	-97.3											8254044	8254044	PRESERVED_SPECIMEN	TAMU	ENTO	X0832253			CC_BY_4_0		Jonathan E. King; Edward G. Riley			2018-07-07T09:05:25.098Z		RECORDED_DATE_INVALID;GEODETIC_DATUM_ASSUMED_WGS84;COORDINATE_PRECISION_INVALID
245403639	96193ea2-f762-11e1-a439-00145eb45e9a		Animalia	Arthropoda	Insecta	Coleoptera	Nitidulidae	Aethina	Aethina tumida		SPECIES	Aethina tumida Murray, 1867	US	Laguna Atascosa NWR (site 1)	352bdfe0-c57b-11dd-a8eb-b8a03c50a862	26.22	-97.3											8254044	8254044	PRESERVED_SPECIMEN	TAMU	ENTO	X0832227			CC_BY_4_0		Jonathan E. King; Edward G. Riley			2018-07-07T09:05:25.176Z		RECORDED_DATE_INVALID;GEODETIC_DATUM_ASSUMED_WGS84;COORDINATE_PRECISION_INVALID
245403638	96193ea2-f762-11e1-a439-00145eb45e9a		Animalia	Arthropoda	Insecta	Coleoptera	Nitidulidae	Aethina	Aethina tumida		SPECIES	Aethina tumida Murray, 1867	US	Laguna Atascosa NWR (site 1)	352bdfe0-c57b-11dd-a8eb-b8a03c50a862	26.22	-97.3											8254044	8254044	PRESERVED_SPECIMEN	TAMU	ENTO	X0832221			CC_BY_4_0		Jonathan E. King; Edward G. Riley			2018-07-07T09:05:25.213Z		RECORDED_DATE_INVALID;GEODETIC_DATUM_ASSUMED_WGS84;COORDINATE_PRECISION_INVALID
245403637	96193ea2-f762-11e1-a439-00145eb45e9a		Animalia	Arthropoda	Insecta	Coleoptera	Nitidulidae	Aethina	Aethina tumida		SPECIES	Aethina tumida Murray, 1867	US	Laguna Atascosa NWR (site 1)	352bdfe0-c57b-11dd-a8eb-b8a03c50a862	26.22	-97.3											8254044	8254044	PRESERVED_SPECIMEN	TAMU	ENTO	X0832212			CC_BY_4_0		Jonathan E. King; Edward G. Riley			2018-07-07T09:05:25.098Z		RECORDED_DATE_INVALID;GEODETIC_DATUM_ASSUMED_WGS84;COORDINATE_PRECISION_INVALID
245403636	96193ea2-f762-11e1-a439-00145eb45e9a		Animalia	Arthropoda	Insecta	Coleoptera	Nitidulidae	Aethina	Aethina tumida		SPECIES	Aethina tumida Murray, 1867	US	Laguna Atascosa NWR (site 1)	352bdfe0-c57b-11dd-a8eb-b8a03c50a862	26.22	-97.3											8254044	8254044	PRESERVED_SPECIMEN	TAMU	ENTO	X0832196			CC_BY_4_0		Jonathan E. King; Edward G. Riley			2018-07-07T09:05:25.175Z		RECORDED_DATE_INVALID;GEODETIC_DATUM_ASSUMED_WGS84;COORDINATE_PRECISION_INVALID
245403635	96193ea2-f762-11e1-a439-00145eb45e9a		Animalia	Arthropoda	Insecta	Coleoptera	Nitidulidae	Aethina	Aethina tumida		SPECIES	Aethina tumida Murray, 1867	US	Laguna Atascosa NWR (site 1)	352bdfe0-c57b-11dd-a8eb-b8a03c50a862	26.22	-97.3											8254044	8254044	PRESERVED_SPECIMEN	TAMU	ENTO	X0832191			CC_BY_4_0		Jonathan E. King; Edward G. Riley			2018-07-07T09:05:25.161Z		RECORDED_DATE_INVALID;GEODETIC_DATUM_ASSUMED_WGS84;COORDINATE_PRECISION_INVALID
245403634	96193ea2-f762-11e1-a439-00145eb45e9a		Animalia	Arthropoda	Insecta	Coleoptera	Nitidulidae	Aethina	Aethina tumida		SPECIES	Aethina tumida Murray, 1867	US	Laguna Atascosa NWR (site 1)	352bdfe0-c57b-11dd-a8eb-b8a03c50a862	26.22	-97.3											8254044	8254044	PRESERVED_SPECIMEN	TAMU	ENTO	X0832179			CC_BY_4_0		Jonathan E. King; Edward G. Riley			2018-07-07T09:05:25.157Z		RECORDED_DATE_INVALID;GEODETIC_DATUM_ASSUMED_WGS84;COORDINATE_PRECISION_INVALID
245403633	96193ea2-f762-11e1-a439-00145eb45e9a		Animalia	Arthropoda	Insecta	Coleoptera	Nitidulidae	Aethina	Aethina tumida		SPECIES	Aethina tumida Murray, 1867	US	Laguna Atascosa NWR (site 1)	352bdfe0-c57b-11dd-a8eb-b8a03c50a862	26.22	-97.3											8254044	8254044	PRESERVED_SPECIMEN	TAMU	ENTO	X0832166			CC_BY_4_0		Jonathan E. King; Edward G. Riley			2018-07-07T09:05:25.144Z		RECORDED_DATE_INVALID;GEODETIC_DATUM_ASSUMED_WGS84;COORDINATE_PRECISION_INVALID
245403632	96193ea2-f762-11e1-a439-00145eb45e9a		Animalia	Arthropoda	Insecta	Coleoptera	Nitidulidae	Aethina	Aethina tumida		SPECIES	Aethina tumida Murray, 1867	US	Laguna Atascosa NWR (site 1)	352bdfe0-c57b-11dd-a8eb-b8a03c50a862	26.22	-97.3											8254044	8254044	PRESERVED_SPECIMEN	TAMU	ENTO	X0832160			CC_BY_4_0		Jonathan E. King; Edward G. Riley			2018-07-07T09:05:25.096Z		RECORDED_DATE_INVALID;GEODETIC_DATUM_ASSUMED_WGS84;COORDINATE_PRECISION_INVALID
245403631	96193ea2-f762-11e1-a439-00145eb45e9a		Animalia	Arthropoda	Insecta	Coleoptera	Nitidulidae	Aethina	Aethina tumida		SPECIES	Aethina tumida Murray, 1867	US	Laguna Atascosa NWR (site 1)	352bdfe0-c57b-11dd-a8eb-b8a03c50a862	26.22	-97.3											8254044	8254044	PRESERVED_SPECIMEN	TAMU	ENTO	X0832137			CC_BY_4_0		Jonathan E. King; Edward G. Riley			2018-07-07T09:05:25.097Z		RECORDED_DATE_INVALID;GEODETIC_DATUM_ASSUMED_WGS84;COORDINATE_PRECISION_INVALID
245403630	96193ea2-f762-11e1-a439-00145eb45e9a		Animalia	Arthropoda	Insecta	Coleoptera	Nitidulidae	Aethina	Aethina tumida		SPECIES	Aethina tumida Murray, 1867	US	Laguna Atascosa NWR (site 1)	352bdfe0-c57b-11dd-a8eb-b8a03c50a862	26.22	-97.3											8254044	8254044	PRESERVED_SPECIMEN	TAMU	ENTO	X0832130			CC_BY_4_0		Jonathan E. King; Edward G. Riley			2018-07-07T09:05:25.184Z		RECORDED_DATE_INVALID;GEODETIC_DATUM_ASSUMED_WGS84;COORDINATE_PRECISION_INVALID
245403629	96193ea2-f762-11e1-a439-00145eb45e9a		Animalia	Arthropoda	Insecta	Coleoptera	Nitidulidae	Aethina	Aethina tumida		SPECIES	Aethina tumida Murray, 1867	US	Laguna Atascosa NWR (site 1)	352bdfe0-c57b-11dd-a8eb-b8a03c50a862	26.22	-97.3											8254044	8254044	PRESERVED_SPECIMEN	TAMU	ENTO	X0832123			CC_BY_4_0		Jonathan E. King; Edward G. Riley			2018-07-07T09:05:25.124Z		RECORDED_DATE_INVALID;GEODETIC_DATUM_ASSUMED_WGS84;COORDINATE_PRECISION_INVALID
245403628	96193ea2-f762-11e1-a439-00145eb45e9a		Animalia	Arthropoda	Insecta	Coleoptera	Nitidulidae	Aethina	Aethina tumida		SPECIES	Aethina tumida Murray, 1867	US	Laguna Atascosa NWR (site 1)	352bdfe0-c57b-11dd-a8eb-b8a03c50a862	26.22	-97.3											8254044	8254044	PRESERVED_SPECIMEN	TAMU	ENTO	X0832096			CC_BY_4_0		Jonathan E. King; Edward G. Riley			2018-07-07T09:05:25.188Z		RECORDED_DATE_INVALID;GEODETIC_DATUM_ASSUMED_WGS84;COORDINATE_PRECISION_INVALID
245403627	96193ea2-f762-11e1-a439-00145eb45e9a		Animalia	Arthropoda	Insecta	Coleoptera	Nitidulidae	Aethina	Aethina tumida		SPECIES	Aethina tumida Murray, 1867	US	Laguna Atascosa NWR (site 1)	352bdfe0-c57b-11dd-a8eb-b8a03c50a862	26.22	-97.3											8254044	8254044	PRESERVED_SPECIMEN	TAMU	ENTO	X0832094			CC_BY_4_0		Jonathan E. King; Edward G. Riley			2018-07-07T09:05:25.165Z		RECORDED_DATE_INVALID;GEODETIC_DATUM_ASSUMED_WGS84;COORDINATE_PRECISION_INVALID
245403626	96193ea2-f762-11e1-a439-00145eb45e9a		Animalia	Arthropoda	Insecta	Coleoptera	Nitidulidae	Aethina	Aethina tumida		SPECIES	Aethina tumida Murray, 1867	US	Laguna Atascosa NWR (site 1)	352bdfe0-c57b-11dd-a8eb-b8a03c50a862	26.22	-97.3											8254044	8254044	PRESERVED_SPECIMEN	TAMU	ENTO	X0832093			CC_BY_4_0		Jonathan E. King; Edward G. Riley			2018-07-07T09:05:25.068Z		RECORDED_DATE_INVALID;GEODETIC_DATUM_ASSUMED_WGS84;COORDINATE_PRECISION_INVALID
245403625	96193ea2-f762-11e1-a439-00145eb45e9a		Animalia	Arthropoda	Insecta	Coleoptera	Nitidulidae	Aethina	Aethina tumida		SPECIES	Aethina tumida Murray, 1867	US	Laguna Atascosa NWR (site 1)	352bdfe0-c57b-11dd-a8eb-b8a03c50a862	26.22	-97.3											8254044	8254044	PRESERVED_SPECIMEN	TAMU	ENTO	X0832084			CC_BY_4_0		Jonathan E. King; Edward G. Riley			2018-07-07T09:05:25.164Z		RECORDED_DATE_INVALID;GEODETIC_DATUM_ASSUMED_WGS84;COORDINATE_PRECISION_INVALID
245403624	96193ea2-f762-11e1-a439-00145eb45e9a		Animalia	Arthropoda	Insecta	Coleoptera	Nitidulidae	Aethina	Aethina tumida		SPECIES	Aethina tumida Murray, 1867	US	Laguna Atascosa NWR (site 1)	352bdfe0-c57b-11dd-a8eb-b8a03c50a862	26.22	-97.3											8254044	8254044	PRESERVED_SPECIMEN	TAMU	ENTO	X0832051			CC_BY_4_0		Jonathan E. King; Edward G. Riley			2018-07-07T09:05:25.114Z		RECORDED_DATE_INVALID;GEODETIC_DATUM_ASSUMED_WGS84;COORDINATE_PRECISION_INVALID
245403623	96193ea2-f762-11e1-a439-00145eb45e9a		Animalia	Arthropoda	Insecta	Coleoptera	Nitidulidae	Aethina	Aethina tumida		SPECIES	Aethina tumida Murray, 1867	US	Laguna Atascosa NWR (site 1)	352bdfe0-c57b-11dd-a8eb-b8a03c50a862	26.22	-97.3											8254044	8254044	PRESERVED_SPECIMEN	TAMU	ENTO	X0831950			CC_BY_4_0		Jonathan E. King; Edward G. Riley			2018-07-07T09:05:25.103Z		RECORDED_DATE_INVALID;GEODETIC_DATUM_ASSUMED_WGS84;COORDINATE_PRECISION_INVALID
245403622	96193ea2-f762-11e1-a439-00145eb45e9a		Animalia	Arthropoda	Insecta	Coleoptera	Nitidulidae	Aethina	Aethina tumida		SPECIES	Aethina tumida Murray, 1867	US	Laguna Atascosa NWR (site 1)	352bdfe0-c57b-11dd-a8eb-b8a03c50a862	26.22	-97.3											8254044	8254044	PRESERVED_SPECIMEN	TAMU	ENTO	X0831930			CC_BY_4_0		Jonathan E. King; Edward G. Riley			2018-07-07T09:05:25.173Z		RECORDED_DATE_INVALID;GEODETIC_DATUM_ASSUMED_WGS84;COORDINATE_PRECISION_INVALID
245403621	96193ea2-f762-11e1-a439-00145eb45e9a		Animalia	Arthropoda	Insecta	Coleoptera	Nitidulidae	Aethina	Aethina tumida		SPECIES	Aethina tumida Murray, 1867	US	Laguna Atascosa NWR (site 1)	352bdfe0-c57b-11dd-a8eb-b8a03c50a862	26.22	-97.3											8254044	8254044	PRESERVED_SPECIMEN	TAMU	ENTO	X0831873			CC_BY_4_0		Jonathan E. King; Edward G. Riley			2018-07-07T09:05:25.083Z		RECORDED_DATE_INVALID;GEODETIC_DATUM_ASSUMED_WGS84;COORDINATE_PRECISION_INVALID
245403617	96193ea2-f762-11e1-a439-00145eb45e9a		Animalia	Arthropoda	Insecta	Coleoptera	Nitidulidae	Aethina	Aethina tumida		SPECIES	Aethina tumida Murray, 1867	US	Santa Ana NWR (site 1) Jagarundi Trail	352bdfe0-c57b-11dd-a8eb-b8a03c50a862	26.06	-98.1											8254044	8254044	PRESERVED_SPECIMEN	TAMU	ENTO	X0811141			CC_BY_4_0		Jonathan E. King; Edward G. Riley			2018-07-07T09:05:25.068Z		RECORDED_DATE_INVALID;GEODETIC_DATUM_ASSUMED_WGS84;COORDINATE_PRECISION_INVALID
245403615	96193ea2-f762-11e1-a439-00145eb45e9a		Animalia	Arthropoda	Insecta	Coleoptera	Nitidulidae	Aethina	Aethina tumida		SPECIES	Aethina tumida Murray, 1867	US	Laguna Atascosa NWR (site 1)	352bdfe0-c57b-11dd-a8eb-b8a03c50a862	26.22	-97.3											8254044	8254044	PRESERVED_SPECIMEN	TAMU	ENTO	X0810907			CC_BY_4_0		Jonathan E. King; Edward G. Riley			2018-07-07T09:05:25.177Z		RECORDED_DATE_INVALID;GEODETIC_DATUM_ASSUMED_WGS84;COORDINATE_PRECISION_INVALID
245403282	96193ea2-f762-11e1-a439-00145eb45e9a		Animalia	Arthropoda	Insecta	Coleoptera	Nitidulidae	Aethina	Aethina tumida		SPECIES	Aethina tumida Murray, 1867	US	Laguna Atascosa NWR (site 1)	352bdfe0-c57b-11dd-a8eb-b8a03c50a862	26.22	-97.3											8254044	8254044	PRESERVED_SPECIMEN	TAMU	ENTO	X0741382			CC_BY_4_0		Jonathan E. King; Edward G. Riley			2018-07-07T09:05:25.062Z		RECORDED_DATE_INVALID;GEODETIC_DATUM_ASSUMED_WGS84;COORDINATE_PRECISION_INVALID
